{
    "ambientocclusion": false,
    "textures": {
        "particle": "blocks/cauldron_side",
        "top": "blocks/cauldron_top",
        "bottom": "blocks/cauldron_bottom",
        "side": "blocks/cauldron_side",
        "inside": "blocks/cauldron_inner",
        "water": "blocks/water_still"
    },
    "elements": [
         {   "from": [ 0, 0, 0 ],
            "to": [ 2, 16, 16 ],
            "faces": {
                "down":  { "uv": [ 0, 0,  2, 16 ], "texture": "#inside", "cullface": "down" },
                "up":    { "uv": [ 0, 0,  1.9, 15.9 ], "texture": "#top", "cullface": "up" },
                "north": { "uv": [ 2, 0,  0, 16 ], "texture": "#side", "cullface": "north" },
                "south": { "uv": [ 0, 0,  2, 16 ], "texture": "#side", "cullface": "south" },
                "west":  { "uv": [ 0, 0, 16, 16 ], "texture": "#side", "cullface": "west" },
                "east":  { "uv": [ 0, 0, 16, 16 ], "texture": "#side" }
            }
        },
        {   "from": [ 2, 0, 2 ],
            "to": [ 14, 4, 14 ],
            "faces": {
                "down":  { "uv": [ 2, 2, 14, 14 ], "texture": "#inside", "cullface": "down" },
                "up":    { "uv": [ 2, 2, 14, 14 ], "texture": "#inside", "cullface": "up" },
                "north": { "uv": [ 2, 0,  0, 16 ], "texture": "#side", "cullface": "north" },
                "south": { "uv": [ 0, 0,  2, 16 ], "texture": "#side", "cullface": "south" },
                "west":  { "uv": [ 0, 0, 16, 16 ], "texture": "#side", "cullface": "west" },
                "east":  { "uv": [ 0, 0, 16, 16 ], "texture": "#side", "cullface": "east" }
            }
        },
        {   "from": [ 14, 0, 0 ],
            "to": [ 16, 16, 16 ],
            "faces": {
                "down":  { "uv": [ 14, 0, 16, 16 ], "texture": "#inside", "cullface": "down" },
                "up":    { "uv": [ 14.1, 0, 15.9, 15.9 ], "texture": "#top", "cullface": "up" },
                "north": { "uv": [ 16, 0, 14, 16 ], "texture": "#side", "cullface": "north" },
                "south": { "uv": [ 14, 0, 16, 16 ], "texture": "#side", "cullface": "south" },
                "west":  { "uv": [  0, 0, 16, 16 ], "texture": "#side" },
                "east":  { "uv": [  0, 0, 16, 16 ], "texture": "#side", "cullface": "east" }
            }
        },
        {   "from": [ 2, 0, 0 ],
            "to": [ 14, 16, 2 ],
            "faces": {
                "down":  { "uv": [ 2, 0, 14,  2 ], "texture": "#inside", "cullface": "down" },
                "up":    { "uv": [ 2, 0, 14,  1.9 ], "texture": "#top", "cullface": "up" },
                "north": { "uv": [ 2, 0, 14, 16 ], "texture": "#side", "cullface": "north" },
                "south": { "uv": [ 2, 0, 14, 16 ], "texture": "#side" },
                "west":  { "uv": [ 0, 0,  2, 16 ], "texture": "#side", "cullface": "west" },
                "east":  { "uv": [ 0, 0,  2, 16 ], "texture": "#side", "cullface": "east" }
            }
        },
        {   "from": [ 2, 0, 14 ],
            "to": [ 14, 16, 16 ],
            "faces": {
                "down":  { "uv": [  2, 14, 14, 16 ], "texture": "#inside", "cullface": "down" },
                "up":    { "uv": [  2, 14.1, 14, 15.9 ], "texture": "#top", "cullface": "up" },
                "north": { "uv": [  2,  0, 14, 16 ], "texture": "#side" },
                "south": { "uv": [  2,  0, 14, 16 ], "texture": "#side", "cullface": "south" },
                "west":  { "uv": [ 14,  0, 16, 16 ], "texture": "#side", "cullface": "west" },
                "east":  { "uv": [ 14,  0, 16, 16 ], "texture": "#side", "cullface": "east" }
            }
        },
        {   "from": [ 2, 12, 2 ],
            "to": [ 14, 12, 14 ],
            "faces": {
                "up": { "uv": [ 2, 2, 14, 14 ], "texture": "#water" }
            }
        }
    ]
}
