{
    "textures": {
        "particle": "blocks/enchanting_table_bottom",
        "bottom": "blocks/enchanting_table_bottom",
        "top": "blocks/enchanting_table_top",
        "side": "blocks/enchanting_table_side"
    },
    "elements": [
        {   "from": [ 0, 2, 0 ],
            "to": [ 16, 12, 16 ],
            "faces": {
                "down":  { "uv": [ 0, 0, 16, 16 ], "texture": "#bottom", "cullface": "down" },
                "up":    { "uv": [ 0, 0, 16, 16 ], "texture": "#top" },
                "north": { "uv": [ 0, 4, 16, 14 ], "texture": "#side", "cullface": "north" },
                "south": { "uv": [ 0, 4, 16, 14 ], "texture": "#side", "cullface": "south" },
                "west":  { "uv": [ 0, 4, 16, 14 ], "texture": "#side", "cullface": "west" },
                "east":  { "uv": [ 0, 4, 16, 14 ], "texture": "#side", "cullface": "east" }
            }
	},
	{   "from": [0, 0, 0],
	    "to": [3, 2, 3],
	    "faces": {
		"down": { "uv": [ 0, 13, 3, 16 ], "texture": "#bottom",
"cullface": "down" },
                "north": { "uv": [ 0, 14, 3, 16 ], "texture": "#side", "cullface": "north" },
                "south": { "uv": [ 0, 14, 3, 16 ], "texture": "#side", "cullface": "south" },
                "west":  { "uv": [ 0, 14, 3, 16 ], "texture": "#side", "cullface": "west" },
                "east":  { "uv": [ 0, 14, 3, 16 ], "texture": "#side", "cullface": "east" }
	    }
	},
	{   "from": [13, 0, 0],
	    "to": [16, 2, 3],
	    "faces": {
		"down": { "uv": [ 13, 13, 16, 16 ], "texture": "#bottom",
"cullface": "down" },
                "north": { "uv": [ 13, 14, 16, 16 ], "texture": "#side", "cullface": "north" },
                "south": { "uv": [ 13, 14, 16, 16 ], "texture": "#side", "cullface": "south" },
                "west":  { "uv": [ 13, 14, 16, 16 ], "texture": "#side", "cullface": "west" },
                "east":  { "uv": [ 13, 14, 16, 16 ], "texture": "#side", "cullface": "east" }
	    }
        },
	{   "from": [13, 0, 13],
	    "to": [16, 2, 16],
	    "faces": {
		"down": { "uv": [ 13, 13, 16, 16 ], "texture": "#bottom",
"cullface": "down" },
                "north": { "uv": [ 13, 14, 16, 16 ], "texture": "#side", "cullface": "north" },
                "south": { "uv": [ 13, 14, 16, 16 ], "texture": "#side", "cullface": "south" },
                "west":  { "uv": [ 13, 14, 16, 16 ], "texture": "#side", "cullface": "west" },
                "east":  { "uv": [ 13, 14, 16, 16 ], "texture": "#side", "cullface": "east" }
	    }
        },
	{   "from": [0, 0, 13],
	    "to": [3, 2, 16],
	    "faces": {
		"down": { "uv": [ 0, 13, 3, 16 ], "texture": "#bottom",
"cullface": "down" },
                "north": { "uv": [ 0, 14, 3, 16 ], "texture": "#side", "cullface": "north" },
                "south": { "uv": [ 0, 14, 3, 16 ], "texture": "#side", "cullface": "south" },
                "west":  { "uv": [ 0, 14, 3, 16 ], "texture": "#side", "cullface": "west" },
                "east":  { "uv": [ 0, 14, 3, 16 ], "texture": "#side", "cullface": "east" }
	    }
	}	
    ]
}
