{
    "textures": {
        "particle": "#texture"
    },
    "elements": [
        {   "from": [ 6, 0, 6 ],
            "to": [ 10, 16, 10 ],
            "faces": {
                "down":  { "uv": [ 6, 6, 10, 10 ], "texture": "#texture_top", "cullface": "down" },
                "up":    { "uv": [ 6, 6, 10, 10 ], "texture": "#texture_top" },
                "north": { "uv": [ 6, 0, 10, 16 ], "texture": "#texture" },
                "south": { "uv": [ 6, 0, 10, 16 ], "texture": "#texture" },
                "west":  { "uv": [ 6, 0, 10, 16 ], "texture": "#texture" },
                "east":  { "uv": [ 6, 0, 10, 16 ], "texture": "#texture" }
            },
            "__comment": "Center post"
        },
        {   "from": [ 7, 12, 0 ],
            "to": [ 9, 15, 9 ],
            "faces": {
                "down":  { "uv": [ 7, 0, 9, 9 ], "texture": "#texture_rail", "cullface": "down" },
                "up":    { "uv": [ 7, 0, 9, 9 ], "texture": "#texture_rail" },
                "north": { "uv": [ 7, 1, 9, 4 ], "texture": "#texture", "cullface": "north" },
                "south": { "uv": [ 7, 1, 9, 4 ], "texture": "#texture", "cullface": "south" },
                "west":  { "uv": [ 0, 1, 9, 4 ], "texture": "#texture" },
                "east":  { "uv": [ 0, 1, 9, 4 ], "texture": "#texture" }
            },
            "__comment": "North top bar"
        },
        {   "from": [ 7, 6, 0 ],
            "to": [ 9, 9, 9 ],
            "faces": {
                "down":  { "uv": [ 7, 0, 9,  9 ], "texture": "#texture_rail", "cullface": "down" },
                "up":    { "uv": [ 7, 0, 9,  9 ], "texture": "#texture_rail" },
                "north": { "uv": [ 7, 7, 9, 10 ], "texture": "#texture", "cullface": "north" },
                "south": { "uv": [ 7, 7, 9, 10 ], "texture": "#texture", "cullface": "south" },
                "west":  { "uv": [ 0, 7, 9, 10 ], "texture": "#texture" },
                "east":  { "uv": [ 0, 7, 9, 10 ], "texture": "#texture" }
            },
            "__comment": "North lower bar"
        }
    ]
}
